INSERT INTO user_roles (id, user_role)
values (1, 'ADMIN'),
       (2, 'USER');

INSERT INTO users (id, email, name, image_url, is_active, password)
VALUES (1, 'admin@example.com', 'Admin Adminov', null, 1,
        '57e7759fd2d59275fc3c3cd5dd2ace5013b39ee972999412f3f5f5c3382b6765c2571ef86648abe2'),
       (2, 'user@example.com', 'User Userov', null, 1,
        '57e7759fd2d59275fc3c3cd5dd2ace5013b39ee972999412f3f5f5c3382b6765c2571ef86648abe2'),
       (3, 'auto@auto.com', 'Автошкола "Учебни Центрове България"', null, 1,
        '57e7759fd2d59275fc3c3cd5dd2ace5013b39ee972999412f3f5f5c3382b6765c2571ef86648abe2'),
       (4, 'center@center.com', 'Образователен Център "Междучасие"', null, 1,
        '57e7759fd2d59275fc3c3cd5dd2ace5013b39ee972999412f3f5f5c3382b6765c2571ef86648abe2'),
       (5, 'elina@elina.com', 'Учебен център "Елина"', null, 1,
        '57e7759fd2d59275fc3c3cd5dd2ace5013b39ee972999412f3f5f5c3382b6765c2571ef86648abe2'),
       (6, 'regalia@regalia.com', 'Учебен център Регалия', null, 1,
        '57e7759fd2d59275fc3c3cd5dd2ace5013b39ee972999412f3f5f5c3382b6765c2571ef86648abe2'),
       (7, 'nia@nia.com', 'Учебен център Ния', null, 1,
        '57e7759fd2d59275fc3c3cd5dd2ace5013b39ee972999412f3f5f5c3382b6765c2571ef86648abe2');

INSERT INTO users_user_roles (user_entity_id, user_roles_id)
VALUES (1, 1),
       (1, 2),
       (2, 2);

INSERT INTO cities (id, name)
VALUES (1, 'София');

INSERT INTO districts (id, name, city_id)
VALUES (1, 'Район Банкя', 1),
       (2, 'Район Витоша', 1),
       (3, 'Район Връбница', 1),
       (4, 'Район Възраждане', 1),
       (5, 'Район Изгрев', 1),
       (6, 'Район Илинден', 1),
       (7, 'Район Искър', 1),
       (8, 'Район Красна поляна', 1),
       (9, 'Район Красно село', 1),
       (10, 'Район Кремиковци', 1),
       (11, 'Район Лозенец', 1),
       (12, 'Район Люлин', 1),
       (13, 'Район Младост', 1),
       (14, 'Район Надежда', 1),
       (15, 'Район Нови Искър', 1),
       (16, 'Район Оборище', 1),
       (17, 'Район Овча купел', 1),
       (18, 'Район Панчарево', 1),
       (19, 'Район Подуяне', 1),
       (20, 'Район Сердика', 1),
       (21, 'Район Слатина', 1),
       (22, 'Район Средец', 1),
       (23, 'Район Студентски', 1),
       (24, 'Район Триадица', 1);

INSERT INTO school_profiles (id, profile)
VALUES (1, 'CULTURE_AND_SPORT'),
       (2, 'ENGLISH_LANGUAGE'),
       (3, 'SPANISH_LANGUAGE'),
       (4, 'GERMAN_LANGUAGE'),
       (5, 'FRENCH_LANGUAGE'),
       (6, 'OTHER_LANGUAGE'),
       (7, 'NATURAL_SCIENCE'),
       (8, 'MATHEMATICS'),
       (9, 'HUMANITIES'),
       (10, 'SOCIAL_SCIENCE'),
       (11, 'SOFTWARE_AND_HARDWARE_SCIENCES'),
       (12, 'BUSINESS'),
       (13, 'ECONOMICS'),
       (14, 'ART'),
       (15, 'MUSIC'),
       (16, 'PROFESSIONAL_MID_SCHOOLS'),
       (17, 'GENERAL_EDUCATION'),
       (18, 'OTHERS');

INSERT INTO schools (id, address, director, email, name, school_url, telephone, city_id, district_id)
VALUES (1, 'ул. "Царибродска" № 5', 'Димитрийка Герасимова', 'sou_78@abv.bg', '78 СУ "Христо Смирненски"',
        'http://www.78sou.net/', 'Директор: 997-70-94', 1, 1),
       (2, 'кв. "Павлово", ул. "Симеон Радев" № 31', 'Румен Пощаков', 'vazov5@abv.bg', '5 ОУ "Иван Вазов"',
        'http://www.5ou-ivanvazov.com/', 'Директор: (02) 856 50 65', 1, 2),
       (3, 'кв. "Драгалевци", ул. "Бела Дона" № 1', 'Валентина Макавеева', 'vlevski_50ou@mail.bg',
        '50 ОУ "Васил Левски"', 'http://www.50ou-vasil-levski.com/', 'Директор: (02) 967 11 81', 1, 2),
       (4, 'кв. "Бояна", бул. "Александър Пушкин" № 112', 'Маргарита Димитрова', 'e52_ou@abv.bg',
        '52 ОУ "Цанко Церковски"', 'http://www.52ou.org/', 'Директор: (02) 855 20 54', 1, 2),
       (5, 'кв. "Симеоново", ул. "Симеоновско шосе" № 1', 'Тереза Иванова', 'carsimeon.veliki@abv.bg',
        '64 ОУ "Цар Симеон Велики"', 'http://64oucarsimeon.org/', 'Директор: (02) 961 34 36', 1, 2),
       (6, 'с. Владая, ул. "Брезова гора" № 1', 'Емилия Бурова', 'klohridski@abv.bg', '86 ОУ "Св. Kлимент Охридски"',
        'https://86ou.bg/', 'Директор: 999 16 15', 1, 2),
       (7, 'с. Мърчаево, ул. "Цар Симеон" № 62', 'Мариана Иванова', 'murchaevo_152_oy@abv.bg',
        '152 ОУ "Св. св. Кирил и Методий"', 'http://152oy-murchaevo.com/', 'Директор: 999 41 07', 1, 2),
       (8, 'ж.к. "Бъкстон", ул. "Ген. Суворов" № 36', 'Лилия Торньова', '2sou.sofia@gmail.com',
        '2 СУ "Акад. Емилиян Станев"', 'https://2su.bg/', 'Директор: (02) 856 71 79', 1, 2),
       (9, 'кв. "Княжево", ул. "Кореняците" № 40', 'Елка Велкова', 'coy26@abv.bg', '26 СУ "Йордан Йовков"',
        'http://26coy.net/Web_26/index.htm', 'Директор: (02) 857 30 23', 1, 2),
       (10, 'ул. "Ломско шосе" № 186', 'Елизабета Колева', 'ou_61@abv.bg', '61 ОУ "Св. св. Kирил и Методий"',
        'http://ou-61.org/', 'Директор: (02) 934 54 89', 1, 3),
       (11, 'кв. "Обеля", ул. "Ефрем Чучков" № 26', 'Димитър Караиванов', 'ou62@abv.bg', '62 ОУ "Христо Ботев"',
        'http://www.62ou.com/', 'Директор: (02) 834 16 17', 1, 3),
       (12, 'ул. "Адам Мицкевич" № 10', 'Величка Таседжикова', 'school70@abv.bg', '70 ОУ "Св. Kлимент Охридски"',
        'http://www.70ou.com/', 'Директор: (02) 827 74 92', 1, 3),
       (13, 'с. Волуяк, ул. "Зорница" № 63', 'Марияна Симбева', 'voluiak_146ou@abv.bg', '146 ОУ "Патриарх Евтимий"',
        'http://146ou.4stupki.com/', 'Директор: 998 41 59', 1, 3),
       (14, 'с. Мрамор, ул. "Св. Св. Кирил и Методий" № 1', 'Цеца Владинова', 'ou175@abv.bg', '175 ОУ "Васил Левски"',
        '', 'Директор: 998 41 73', 1, 3),
       (15, 'ж.к. "Връбница", ул. "Бакърено шосе" № 1', 'Лидия Лазарова', 'sou74bg@yahoo.com', '74 СУ "Гоце Делчев"',
        'https://www.74su.org/', 'Директор: (02) 934 66 17', 1, 3),
       (16, 'ж.к. "Обеля-2", ул. "Дико Илиев" № 9', 'Мая Зафирова', 'bogorov_sou@mail.bg', '140 СУ "д-р Иван Богоров"',
        'http://140su.com/', 'Директор: (02) 934 42 75', 1, 3),
       (17, 'бул. "Христо Ботев" № 109', 'Маргарита Грънчарова', 'kfotinov46@abv.bg', '46 ОУ "Kонстантин Фотинов"',
        'http://46ou.net/', 'Директор: (02) 831 00 49', 1, 4),
       (18, 'ул. "Гюешево" № 63', 'Галина Велинова', '67_school@mail.orbitel.bg', '67 ОУ "Васил Друмев"',
        'https://www.67ouvasildrumev.com/', 'Директор: (02) 822 36 21', 1, 4),
       (19, 'ул. "Братя Миладинови" № 9', 'Емилия Стефанова', 'oy76@abv.bg', '76 ОУ "Уилям Сароян"',
        'http://www.76ou.eu/', 'Директор: (02) 987 43 44', 1, 4),
       (20, 'ул. "Димитър Петков" № 116', 'Галина Сахиева', 'l.karavelov@dir.bg', '136 ОУ "Любен Kаравелов"',
        'http://136ou.com/', 'Директор: (02) 821 70 88', 1, 4),
       (21, 'ул. "Пиротска" № 68', 'Величка Стойчева', 'sou18@mail.bg', '18 СУ "Уилям Гладстоун"',
        'http://www.18sou.net/', 'Директор: (02) 987 96 82', 1, 4),
       (22, 'бул. "Ал. Стамболийски" № 125-1', 'Атанаска Рейха', 'sou_30@abv.bg', '30 СУ "Братя Миладинови"',
        'http://30su-bg.com/', 'Директор: (02) 829 26 78', 1, 4),
       (23, 'бул. "Христо Ботев" № 63', 'Нели Костова', 'kl_ohridski32@abv.bg', '32 СУИЧЕ "Св. Кл. Охридски"',
        'http://www.school32.com/', 'Директор: (02) 986 28 45', 1, 4),
       (24, 'ул. "Позитано" № 26', 'Вера Катранджиева', 'negschool@abv.bg', '91 НЕГ "Проф. Константин Гълъбов"',
        'http://91neg.bg/', 'Директор: (02) 987 53 05', 1, 4),
       (25, 'ул. "Kирил и Методий" № 63', 'Анна Маркова', 'peta_vg@abv.bg', 'Пета вечерна гимназия',
        'http://www.peta-vg.com/', 'Директор: (02) 983 50 69', 1, 4),
       (26, 'ул. "Никола Габровски" № 22', 'Августина Петрова', 'zograf011@abv.bg', '11 ОУ "Св. Пимен Зографски"',
        'http://11oy.bg/', 'Директор: (02) 862 41 87', 1, 5),
       (27, 'ул. "Св. Пимен Зографски" № 7', 'Цветанка Костадинова', 'sou105@abv.bg', '105 СУ "Атанас Далчев"',
        'http://105sou.eu/', 'Директор: (02) 868 35 28', 1, 5),
       (28, 'ул. "Латинка" № 11', 'Диян Стаматов', 'info@119sou.com', '119 СУ "Акад. Михаил Арнаудов"',
        'https://119su.bg/bg', 'Директор: (02) 973 37 36', 1, 5),
       (29, 'бул. "Сливница" № 45', 'Снежина Георгиева', 'ou43@mail.bg', '43 ОУ "Христо Смирненски"',
        'https://43ou.com/', 'Директор: (02) 822 92 76', 1, 6),
       (30, 'ул. "Пловдив" № 20', 'Лиана Грозева-Кирякова', 'kv45ou@abv.bg', '45 ОУ "Kонстантин Величков"',
        'https://kv45ou.com/', 'Директор: (02) 822 14 10', 1, 6),
       (31, 'ул. "Хайдут Сидер" № 12', 'Олег Михайлов', 'marindrinov@abv.bg', '3 СУ "Марин Дринов"', 'http://3coy.eu/',
        'Директор: (02) 822 18 73', 1, 6),
       (32, 'ул. "Пловдив" № 20', 'Стоименка Димитрова', 'eg33svsofia@abv.bg', '33 Езикова гимназия "Света София"',
        'http://www.33eg.eu/', '', 1, 6),
       (33, 'ул. "Пиротска" № 177', 'Милен Пейчев', 'sou113@abv.bg', '113 СУ "Сава Филаретов"', 'http://www.113su.net/',
        'Директор: (02) 822 10 63', 1, 6),
       (34, 'ул. "Тирана" № 12', 'Галина Шипкалиева', 'school4sofia@abv.bg', '4 ОУ "Проф. Джон Атанасов"',
        'https://4ou.bg/', 'Директор: (02) 979 09 63', 1, 7),
       (35, 'с. Бусманци, ул. "Просвета" № 16', 'Жельо Колев', 'ou65@abv.bg', '65 ОУ "Св. св. Кирил и Методий"',
        'http://65ou.ucoz.com/', 'Директор: 967 69 36', 1, 7),
       (36, 'ж.к. "Дружба-1", ул. "Чудомир Топлодолски" № 4', 'Тотка Цветанова', 'ou_89@abv.bg',
        '89 ОУ "Д-р Христо Стамболски"', 'http://www.89ousofia.com/', 'Директор: (02) 979 08 38', 1, 7),
       (37, 'ж.к. "Дружба-2", ул. "Делийска воденица" № 11', 'Радослав Богданов', 'csp_150_ou@abv.bg',
        '150 ОУ "Цар Симеон I"', 'http://www.150ou.org/', 'Директор: (02) 879 67 63', 1, 7),
       (38, 'ж.к. "Дружба-2", ул. "Обиколна" № 36', 'Катя Дойнова', 'school_163@abv.bg', '163 ОУ "Черноризец Храбър"',
        'http://163ou.org/', 'Директор: (02) 978 07 22', 1, 7),
       (39, 'ж.к. "Дружба-2", ул. "Цветан Лазаров" № 122', 'Румяна Парцова', 'sou68@abv.bg',
        '68 СУ "Акад. Никола Обрешков"', 'http://sou68.net/', 'Директор: (02) 978 50 59', 1, 7),
       (40, 'ж.к. "Дружба-1", ул. "Чудомир Топлодолски" № 2', 'Искра Николова', 'sou_69to@abv.bg',
        '69 СУ "Димитър Маринов"', 'http://sou69.com/', 'Директор: (02) 979 09 07', 1, 7),
       (41, 'ж.к. "Дружба-1", ул. "5038" № 15', 'Ваня Джурова', 'cou108@mail.bg', '108 СУ "Hикола Беловеждов"', '',
        'Директор: (02) 979 08 99', 1, 7),
       (42, 'кв. "Факултета", ул. "Възкресение" № 151', 'Антон Сивков', 'ou75@abv.bg', '75 ОУ "Тодор Kаблешков"',
        'https://www.ou75sofia.com/', 'Директор: (02) 822 15 67', 1, 8),
       (43, 'ж.к. "Красна поляна", ул. "Добротич" № 21', 'Красимира Орсова', 'dimitar_talev@mail.bg',
        '92 ОУ "Димитър Талев"', '', 'Директор: (02) 828 47 26', 1, 8),
       (44, 'ж.к. "Разсадника", ул. "Д-р Калинков" № 40', 'Людмил Лачев', 'school_147@abv.bg',
        '147 ОУ "Йордан Радичков"', 'https://www.147ou.com/', 'Директор: (02) 920 80 89', 1, 8),
       (45, 'ул. "Суходолска" № 2', 'Антоан Тонев', 'lycee17_bg@yahoo.fr', '17 СУ "Дамян "Груев"', 'https://17su.bg/',
        'Директор: (02) 920 30 50', 1, 8),
       (46, 'ул. "Възкресение" № 60', 'Станимира Бакалова', 'aleko_konstantinov@abv.bg', '28 СУ "Алеко Kонстантинов"',
        'http://www.28sou.eu/', 'Директор: (02) 822 31 83', 1, 8),
       (47, 'ж.к. "Разсадника", ул. "Д-р Калинков" № 40', 'Георги Сеизов', 'sofia_57su@abv.bg',
        '57 Спортно училище "Св. Hаум Охридски"', 'http://www.57su.com/', 'Директор: (02) 920 02 50', 1, 8),
       (48, 'ж.к. "Красна поляна", ул. "Братин дол" № 26', 'Георги Велев', 'sou123@abv.bg', '123 СУ "Стефан Стамболов"',
        'https://123sustefanstambolov.com/', 'Директор: (02) 920 30 23', 1, 8),
       (49, 'ул. "Суходолска" 2 № 145', 'Мария Димитрова', 'komenski_135sou@abv.bg', '135 СУ "Ян Амос Коменски"',
        'http://135sou.eu/', 'Директор: (02) 822 19 13', 1, 8),
       (50, 'ул. "Балканджи Йово" № 22', 'Надка Христова', 'ou25@abv.bg', '25 ОУ "Д-р Петър Берон"', 'https://25ou.bg/',
        'Директор: (02) 952 11 70', 1, 9),
       (51, 'ул. "Родопски извор" № 43', 'Цеца Тонева', 'oy34@abv.bg', '34 ОУ "Стою Шишков"', 'http://www.34ou.org/',
        'Директор: (02) 859 41 31', 1, 9),
       (52, 'ул. "Пчела" № 21', 'Юлияна Петрова', 'ou142@abv.bg', '142 ОУ с РЧО "Веселин Ханчев"',
        'https://www.142ou.com/', 'Директор: (02) 955 58 34', 1, 9),
       (53, 'ул. "Яков Крайков" № 16', 'Детелина  Арнаудова', 'sou_19@mail.bg', '19 СУ "Елин Пелин"',
        'http://19sou.bg/', 'Директор: (02) 952 30 16', 1, 9),
       (54, 'ул. "Пирински проход" № 35', 'Светла Нотева', 'soy_36@abv.bg', '36 СУ "Максим Горки"', 'http://36sou.com/',
        'Директор: (02) 858 61 16', 1, 9),
       (55, 'ул. "Софийски герой" № 28', 'Асен Александров', 'sou51@abv.bg', '51 СУ "Елисавета Багряна"',
        'http://51sou.info/', 'Директор: (02) 952 13 09', 1, 9),
       (56, 'бул. "Цар Борис III" № 128', 'Детелина Цветкова - Цървулкова', '132sou@132sou-bg.org',
        '132 СУ "Ваня Войнова"', 'https://www.132su.com/', 'Директор: (02) 855 21 64', 1, 9),
       (57, 'ул. "Пчела" № 21', 'вр.и.д. Тоня Томова', 'st_methodius_hs@mail.bg', 'ПГИЧЕ "Св. Методий"',
        'http://www.stmethodiushs.bg/', 'Директор: (02) 855 11 35', 1, 9),
       (58, 'с. Горни Богров', 'Ирена Стамболиева', 'oy115@abv.bg', '115 ОУ "Св. Св. Kирил и Методий"',
        'https://115oy.com/', 'Директор: 994 34 85', 1, 10),
       (59, 'с. Яна', 'Райна Стоилова', '', '116 ОУ "Паисий Хилендарски"', 'https://116ouphilendarski.com/',
        'Директор: 994 23 01', 1, 10),
       (60, 'кв. "Kремиковци"', 'Валентина Коринова', 'ou156@abv.bg', '156 ОУ "Васил Левски"', 'https://156ou.bg/',
        'Директор: 994 70 35', 1, 10),
       (61, 'кв. "Челопечене", ул. "А. Маджаров" № 31', 'Илка Стоименова', '', '159 ОУ "Васил Левски"',
        'https://www.ou159.com/', 'Директор: 994 54 39', 1, 10),
       (62, 'кв. "Ботунец", ул. "Свобода" № 10', 'Румен Андреев', 'ou162@abv.bg', '162 ОУ "Отец Паисий"',
        'https://162ou.com/', 'Директор: 994 33 25', 1, 10),
       (63, 'кв. "Враждебна", ул. "59" № 13', 'Диана Аларгова', 'sou85@abv.bg', '85 СУ "Отец Паисий"',
        'https://su85.org/', 'Директор: 945 81 64', 1, 10),
       (64, 'гр. Бухово, ул. "Младежка"', 'Янка Цекова-Проданова', 'school117@abv.bg',
        '117 СУ "Св. Св. Кирил и Методий"', 'http://www.117sou.bg/', 'Директор: 994 21 11', 1, 10),
       (65, 'ул. "Димитър Димов" № 13', 'Иванка Маринова', 'ou107@abv.bg', '107 ОУ "Хан Крум"', 'http://www.107ou.com/',
        'Директор: (02) 866 20 29', 1, 11),
       (66, 'ул. "Папа Йоан Павел II" № 7', 'Цветанка Тонева', 'ou120@abv.bg', '120 ОУ "Георги С. Раковски"',
        'http://www.daskalo.com/ou120/', 'Директор: (02) 866 56 80', 1, 11),
       (67, 'ул. "Презвитер Kозма" № 2', 'Ивета Германова', '122ou@122ou.com', '122 ОУ "Николай Лилиев"',
        'http://122ou.com/', 'Директор: (02) 865 03 74', 1, 11),
       (68, 'ул. "Димитър Хаджикоцев" № 44', 'Румяна Дончева', 'zaharikru6a@abv.bg', '139 ОУ "Захарий Kруша"',
        'http://139ou.com/', 'Директор: (02) 866 77 41', 1, 11),
       (69, 'ул. "Люботрън" № 12', 'Мая Ангелова', 'sou21@abv.bg', '21 СУ "Христо Ботев"',
        'https://www.21su.bg/index.php/bg/', 'Директор: (02) 862 60 88', 1, 11),
       (70, 'ул. "Добри Войников" № 16', 'Анна Калчева', 'sou_35@abv.bg', '35 СЕУ "Добри Войников"', 'http://35sou.bg/',
        'Директор: (02) 866 10 60', 1, 11),
       (71, 'ж.к. "Люлин-3", ул. "309" № 8', 'Юлия Георгиева', 'lulin_33ou@abv.bg', '33. ОУ "Санкт Петербург"',
        'https://33-ou.com/', 'Директор: (02) 824 88 23', 1, 12),
       (72, 'ул. "3 март" № 45', 'Огнян Халембаков', 'sof_77ou@abv.bg', '77. ОУ "Kирил и Методий"',
        'https://77ou-sofia.com/', 'Директор: (02) 826 41 63', 1, 12),
       (73, 'ж.к. "Филиповци"', 'Милена Бенкова', 'sofia103@abv.bg', '103. ОУ "Васил Левски"',
        'http://103ouvasillevski.bg/', 'Директор: (02) 824 48 85', 1, 12),
       (74, 'ул. "Полк. Никола Попов" № 4', 'Мария Генадиева', 'sou27@abv.bg', '27. СУ "Георги Kараславов"',
        'https://www.27su.eu/', 'Директор: (02) 824 48 26', 1, 12),
       (75, 'ул. "Луи Пастьор" № 1', 'вр.и.д. Таня Атанасова', 'sou37@abv.bg', '37. СУ "Райна Kнягиня"',
        'https://37su.eu/', 'Директор: (02) 826 54 62', 1, 12),
       (76, 'ж.к. "Люлин-9", ул. "Иван Бойчев" № 17', 'Антоанета Кръстанова', 'sou40@abv.bg', '40. СУ "Луи Пастьор"',
        'https://40-su.com/', 'Директор: (02) 824 54 98', 1, 12),
       (77, 'ж.к. "Люлин-8", ул. "Велико Търново"', 'Мая Николова', 'sou56@abv.bg', '56. СУ "Константин Иречек"',
        'https://su-56.com/', 'Директор: (02) 826 11 77', 1, 12),
       (78, 'ж.к. "Люлин-7", ул. "Полк. Стоян Топузов" № 6', 'Сашка Кирилова', 'souigandi@abv.bg',
        '79. СУ "Индира Ганди"', 'http://79su.bg/', 'Директор: (02) 825 70 43', 1, 12),
       (79, 'ж.к. "Люлин-2", ул. "204" № 3', 'Емилия Иванова', 'sou90@gmail.com', '90. СУ "Ген. Хосе де Сан Мартин"',
        'http://sou90.org/', 'Директор: (02) 825 07 55', 1, 12),
       (80, 'ж.к. "Люлин-4", ул. "Hикола Беловеждов" № 1', 'Цветелина Вълчева', 'sou_96@abv.bg',
        '96. СУ "Лев Николаевич Толстой"', 'http://www.96sou.com/', 'Директор: (02) 826 83 39', 1, 12),
       (81, 'ж.к. "Люлин-5", ул. "504" № 1', 'Емилия Манолова', 'sou97@abv.bg', '97. СУ "Братя Миладинови"',
        'http://97su.bg/', 'Директор: (02) 824 23 03', 1, 12),
       (82, 'бул. "Европа" № 135', 'вр.и.д. Владимир Миков', 'sou137@abv.bg', '137. СУ "Ангел Kънчев"',
        'http://137sou.org/', 'Директор: (02) 824 48 83', 1, 12),
       (83, 'кв. Горубляне, ул. "Самоковско шосе" № 41', 'Мартин Ганчев', 'school82@gbg.bg', '82 ОУ "Васил Априлов"',
        'https://www.82ou.bg/', 'Директор: (02) 973 60 40', 1, 13),
       (84, 'ж.к. "Младост-1А", ул. "Ресен" № 1', 'Антоанета Михайлова', 'oy_145@abv.bg', '145 ОУ "Симеон Радев"',
        'https://145ou.com/', 'Директор: (02) 877 41 36', 1, 13),
       (85, 'ж.к. "Младост-1", ул. "Методи Андонов" № 1', 'Нели Филипова', 'tt10sou@abv.bg', '10 СУ "Теодор Траянов"',
        'http://10sou.eu/', 'Директор: (02) 874 71 78', 1, 13),
       (86, 'ж.к."Младост-2", ул. "Васил Карагьозов" № 6', 'Евелина Китова', 'sou39@abv.bg', '39 СУ "Петър Динеков"',
        'http://www.39sou.eu/', 'Директор: (02) 875 91 39', 1, 13),
       (87, 'ж.к. "Младост-3", ул. "Бъднина" № 3', 'Елена Налбантова', 'sou81@abv.bg', '81 СУ "Виктор Юго"',
        'https://81sou.org/blog', 'Директор: (02) 974 55 06', 1, 13),
       (88, 'ж.к. "Младост-1", ул. "Д-р Стоян Чомаков" № 6', 'Юлия Начева', 'coy118@abv.bg',
        '118 СУ "Акад. Людмил Стоянов"', 'https://sou118.com/', 'Директор: (02) 874 00 29', 1, 13),
       (89, 'ж.к. "Младост-1", ул. "Никола Генадиев" № 1', 'Ирена Анастасова', 'info@sou125.com', '125 СУ "Боян Пенев"',
        'http://www.sou125.com/', 'Директор: (02) 875 81 96', 1, 13),
       (90, 'ж.к. "Младост-2", ул. "Проф.В. Златарски" № 16', 'Юлиян Плачков', 'info@128sou-sofia.info',
        '128 СУ "Алберт Айнщайн"', 'http://128sou-sofia.info/', 'Директор: (02) 884 21 84', 1, 13),
       (91, 'ж.к."Младост-4", ул. "Филип Аврамов" № 29', 'Любов Мишева', 'sou131@abv.bg',
        '131 СУ "Kлимент Аркадиевич Тимирязев"', 'https://su131.weebly.com/', 'Директор: (02) 877 71 44', 1, 13),
       (92, 'ж.к. "Младост-3", ул. "Бъднина" № 1', 'Величка Николова', '144sou@dir.bg', '144 СУ "Народни будители"',
        'http://www.144sou.bg/', 'Директор: (02) 877 01 73', 1, 13),
       (93, 'кв. "Илиянци", ул. "Махония" № 2', 'Милена Милева', 'nu98@abv.bg', '98 НУ "Св.св. Kирил и Методий"',
        'http://nu98.org/', 'Директор: (02) 938 31 49', 1, 14),
       (94, 'ул. "Дравски бой" № 7', 'Елизабет Иванова', 'ou16@abv.bg', '16 ОУ "Райко Жинзифов"',
        'https://www.ou16.bg/', 'Директор: (02) 938 28 90', 1, 14),
       (95, 'кв. "Требич", ул. "Леденика" № 12', 'Карамфилка Новачкова', 'hb_63@abv.bg', '63 ОУ "Христо Ботев"',
        'http://www.63ou-hbotev.org/', 'Директор: (02) 938 29 26', 1, 14),
       (96, 'ж.к. "Надежда-4", ул. "Звезда" № 3', 'Румяна Здравкова-Колева', 'p_volov@abv.bg', '102 ОУ "Панайот Волов"',
        'http://102ou.com/', 'Директор: (02) 938 26 54', 1, 14),
       (97, 'ж.к. "Свобода", ул. ”Народни будители”', 'Таня Иванова', '141sou@gmail.com', '141 OУ  "Народни будители"',
        'http://141ou.com/', 'Директор: (02) 896 01 00', 1, 14),
       (98, 'ж.к. "Надежда-2", ул. "Йордан Хаджиконстантинов" № 68', 'Ваня Минева', 'sou15@abv.bg',
        '15 СУ "Адам Мицкевич"', 'http://www.15sou-sofia.com/', 'Директор: (02) 938 13 04', 1, 14),
       (99, 'ж.к. "Лев Толстой", ул. "Йордан Хаджиконстантинов" № 38', 'вр.и.д. Соня Василева', 'school54_sofia@abv.bg',
        '54 СУ "Иван Рилски"', 'http://54suivanrilski.com/', 'Директор: (02) 938 10 69', 1, 14),
       (100, 'ж.к. "Надежда-1", ул. "Илинденско въстание" № 36', 'Весела Иванова', 'sou_101@abv.bg',
        '101 СУ "Бачо Kиро"', 'https://101su.bg/', 'Директор: (02) 938 28 18', 1, 14),
       (101, 'ж.к. "Свобода", ул. "Народни будители" № 2', 'Кирилка Диковска-Ганджулова', 'nrilski153@abv.bg',
        '153 Спортно училище "Неофит Рилски"', 'http://nrilski153.org/', 'Директор: (02) 837 21 90', 1, 14),
       (102, 'ж.к. "Надежда-2", ул. "Св. Никола Нови" № 22', 'Марияна Тафрова', 'stcrd@abv.bg',
        'ЦПЛР - Център за изкуства, култура и образование "София"', 'http://www.stcrd.com/', 'Директор: (02) 936 04 02',
        1, 14),
       (103, 'с. Чепинци, ул. "Стара планина" № 22', 'Юри Мартинов', 'ou160@abv.bg', '160 ОУ "Kирил и Методий"',
        'https://ou-160.com/', 'Директор: 996 20 25', 1, 15),
       (104, 'кв. "Кумарица", ул. "Светлина" № 26', 'вр.и.д. Биляна Иванова', 'ou171@abv.bg', '171 ОУ "Стоил Попов"',
        'http://171ou.bg/', 'Директор: 991 47 01', 1, 15),
       (105, 'гр. Нови Искър, кв. "Гниляне", ул. "Христо Ботев" № 51', 'Надя Георгиева', 'hristo_botevg@mail.bg',
        '172 ОУ "Христо Ботев"', 'http://172ou-g.webnode.com/', 'Директор: 996 40 02', 1, 15),
       (106, 'с. Негован, ул. "Училищна" № 6', 'Николай Радулов', 'ou176@abv.bg', '176 ОУ "Kирил и Методий"',
        'https://176ou.com/', 'Директор: 996 32 13', 1, 15),
       (107, 'с. Световрачене, ул. "Софийска" № 23', 'Евелина Гурсова', 'ou_177@abv.bg', '177 ОУ "Kирил и Методий"',
        'https://177ou.idwebbg.com/', 'Директор: 996 47 81', 1, 15),
       (108, 'с. Доброславци, ул. "Доброславско шосе" № 34', 'вр.и.д. Лилия Петкова', 'ou_179_dobroslavci@mail.bg',
        '179 ОУ "Васил Левски"', 'https://www.179ou.com/', 'Директор: 0884 801 738', 1, 15),
       (109, 'гр. Нови Искър, кв. "Курило", ул. "Искърско дефиле" № 277', 'Пламен Димитров', 'sou_170@abv.bg',
        '170 СУ "Васил Левски"', 'http://www.170sou.com/', 'Директор: 991 42 66', 1, 15),
       (110, 'бул. "Княз Ал. Дондуков" № 60', 'Жанета Бранкова', '', '112 ОУ "Стоян Заимов"',
        'http://112ou.org/index.php', 'Директор: (02) 846 73 25', 1, 16),
       (111, 'ул. "Султан тепе" № 1', 'Богдана Николова', 'ou_antim1@mail.bg', '129 ОУ "Антим - I"',
        'http://129ou-sofia.eu/', 'Директор: (02) 944 43 51', 1, 16),
       (112, 'ул. "Стара планина" № 11', 'Весела Тепавичарова', 'sofia_1sou@abv.bg', '1 СУ "Пенчо Славейков"',
        'http://1sousofia.org/', 'Директор: (02) 983 55 78', 1, 16),
       (113, 'ул. "Султан тепе" № 1', 'Зорница Йончева', 'oficina@ibbcervantes-bg.com', '164 ИЕГ "Мигел де Сервантес"',
        'http://www.ibbcervantes-bg.com/', 'Директор: (02) 946 13 22', 1, 16),
       (114, 'бул. "Княз Ал. Дондуков" № 60', 'Нели Петрова', 'aeg1@abv.bg', 'Първа английска гимназия',
        'http://www.fels-sofia.org/', 'Директор: (02) 944 33 76', 1, 16),
       (115, 'ул. "Искър" № 61', 'Антон Стоянов', 'info@smg.bg', 'СМГ "Паисий Хилендарски"', 'http://www.smg.bg/',
        'Директор: (02) 983 12 19', 1, 16),
       (116, 'ул. "Дунав" № 30', 'Гергана Захариева', 've4erna4@abv.bg', 'Четвърта сменнo-вечерна гимназия',
        'http://ve4erna.com/', 'Директор: (02) 983 15 35', 1, 16),
       (117, 'кв. "Горна баня", ул. "Обзор" № 6', 'Малинка Дилова - Левакова', 'xrelkov@abv.bg',
        '53 ОУ "Hиколай Хрелков"', 'http://53ou.com/', 'Директор: (02) 957 69 59', 1, 17),
       (118, 'кв. "Суходол", ул. "Овче поле" № 14', 'вр.и.д. Евелина Иванова', 'ou72@abv.bg', '72 ОУ "Христо Ботев"',
        'http://ou72.org/', 'Директор: (02) 929 53 50', 1, 17),
       (119, 'ул. "Букет" № 29', 'Нели Тодорова', 'sou_66@abv.bg', '66 СУ "Филип Станиславски"', 'http://66sou.org/',
        'Директор: (02) 855 40 31', 1, 17),
       (120, 'ж.к. "Овча купел-5", ул.”Димитър Попниколов” № 7', 'вр.и.д. Надка Воденичарова', 'coy_88@abv.bg',
        '88 СУ "Димитър Попниколов"', 'https://88cy.info/', 'Зам.-директор: (02) 956 07 39', 1, 17),
       (121, 'ж.к. "Овча купел-2"', 'Людмила Василева', 'ivan149hadjiiski@abv.bg', '149 СУ "Иван Хаджийски"',
        'https://www.149suih.org/', 'Директор: (02) 956 15 29', 1, 17),
       (122, 'кв. "Панчарево", ул. "Елин Пелин" № 21', 'Камелия Кръстева', 'ou83@abv.bg', '83 ОУ "Елин Пелин"',
        'http://www.83ou.org/', 'Директор: 992 30 60', 1, 18),
       (123, 'с. Герман, ул. "Патриарх Герман" № 81Б', 'Снежана Зашева', 'german84ou@abv.bg', '84 ОУ "Васил Левски"',
        'http://84ou.weebly.com/', 'Директор: 992 80 44', 1, 18),
       (124, 'с. Kривина, ул. "Просвета" № 5', 'Надя Николова', 'oufs1552008@abv.bg',
        '155 ОУ "Св. Св. Kирил и Методий"', '', 'Директор: 999 73 93', 1, 18),
       (125, 'с. Железница, ул. "Плана планина" № 11', 'Савина Игнатова', 'zel_191ou@abv.bg', '191 ОУ "Отец Паисий"',
        'http://191ou.info/', 'Директор: 992 75 04', 1, 18),
       (126, 'с. Лозен, ул. "Иван Пешев" № 1', 'Цветелина Генчева', 'bs200lz@abv.bg', '200 ОУ "Отец Паисий"',
        'http://www.200ou.org/', 'Директор: 992 62 24', 1, 18),
       (127, 'с. Лозен, ул. "Кирил и Методий" № 17', 'Никола Христов', 'lozen201@abv.bg',
        '201 ОУ "Св. Св. Kирил и Методий"', 'http://201ou.alle.bg/', 'Директор: 992 63 14', 1, 18),
       (128, 'с. Долни Пасарел, ул. "Диляна" № 16', 'Даниела Иванова', 'http://202ou.weebly.com/',
        '202 ОУ "Христо Ботев"', 'http://202ou.weebly.com/', 'Директор: 992 42 05', 1, 18),
       (129, 'с. Казичене, ул. "Пейо Яворов" № 10', 'вр.и.д. Радостина Цепова', 'sou71@abv.bg',
        '71 СУ "Пейо Kрачолов Яворов"', 'http://71sou.org/', 'Директор: 999 50 64', 1, 18),
       (130, 'с. Бистрица, ул. "Просвета" № 11', 'вр.и.д. Лилия Чавкарска', 'sou192@abv.bg', '192 СУ "Христо Ботев"',
        'https://hristobotev.net/', 'Директор: 992 20 93', 1, 18),
       (131, 'ул. "Ген. Липранди" № 5', 'Фиданка Лазарова', '42ou@42ou.com', '42 ОУ "Хаджи Димитър"',
        'http://www.42ou.com/', 'Директор: (02) 840 34 58', 1, 19),
       (132, 'ул. "Константин Фотинов" № 4', 'Яница Борисова - Милева', 'ou49@abv.bg', '49 ОУ "Бенито Хуарес"',
        'http://www.49ousofia.com/', 'Директор: (02) 847 22 40', 1, 19),
       (133, 'ул. "Григорий Цамблак" № 18', 'Ирена Цукева', 'ou106g.camblak@abv.bg', '106 ОУ "Григорий Цамблак"',
        'http://www.106ou.info/', 'Директор: (02) 945 28 79', 1, 19),
       (134, 'ул. "Вършец" № 13', 'Даниела Георгиева', 'oy124@abv.bg', '124 ОУ "Васил Левски"', 'http://www.124ou.org/',
        'Директор: (02) 945 02 96', 1, 19),
       (135, 'ул. "Тодорини кукли" № 9', 'Ирена Дойчинова', 'ou143@abv.bg', '143 ОУ "Георги Бенковски"',
        'http://www.143ou.com/', 'Директор: (02) 846 51 67', 1, 19),
       (136, 'ж.к. "Левски-Г", ул. "Поручик Г. Кюмюрджиев" № 30', 'Мони Иванов', 'ou199@mail.bg',
        '199 ОУ "Св.ап. Йоан Богослов"', 'https://www.199ou.bg/', 'Директор: (02) 946 69 56', 1, 19),
       (137, 'ул. "Kлисура" № 16', 'Данчо Балджиев', 'soy24@abv.bg', '24 СУ "Пейо Kрачолов Яворов"',
        'http://sou24.bg.cm/', 'Директор: (02) 945 73 96', 1, 19),
       (138, 'ул. "Плакалница" № 45', 'Таня Михайлова', 'sou44_nbozveli@abv.bg', '44 СУ "Hеофит Бозвели"',
        'http://44sou.eu/', 'Директор: (02) 945 07 11', 1, 19),
       (139, 'ул. "Ангел войвода" № 66', 'Мими Рецкова - Димитрова', 'sou95@abv.bg', '95 СУ "Проф. Иван Шишманов"',
        'http://www.sou95.net/', 'Директор: (02) 945 03 46', 1, 19),
       (140, 'ж.к. "Левски", ул. "Константин Фотинов" № 116', 'Янка Караджова', 'coy130@abv.bg',
        '130 СУ "Стефан Kараджа"', 'https://130cy.com/', 'Директор: (02) 847 62 45', 1, 19),
       (141, 'ул. "Константин Фотинов" № 4', 'Нина Иванова', 'su_166@abv.bg', '166 Спортно училище "Васил Левски"',
        'http://www.166su.com/', 'Директор: (02) 945 48 69', 1, 19),
       (142, 'ул. "Kлокотница" № 21', 'Даниела Костова', 'ou48@abv.bg', '48 ОУ "Йосиф Kовачев"', 'https://48-ou.com/',
        'Директор: (02) 831-30-87', 1, 20),
       (143, 'ул. "Железопътна" № 65', 'Костадин Мустайков', 'sergei_rumiancev@abv.bg', '58 ОУ "Сергей Румянцев"',
        'https://58ou.net/', 'Директор: (02) 936 67 55', 1, 20),
       (144, 'ул. "Кестен" № 1', 'Марияна Божкова', 'director@59sou.org school_59@abv.bg', '59 ОбУ "Васил Левски"',
        'https://59sou.org/', 'Директор: (02) 936 67 16', 1, 20),
       (145, 'ул. "Hаука" № 2', 'Таня Борисова', 'school60@abv.bg', '60 ОУ "Св.св.Kирил и Методий"',
        'https://60ousvsvkirilimetodii.com/', 'Директор: (02) 936 68 75', 1, 20),
       (146, 'ул. "Иван Йосифов" № 68', 'Румяна Темелкова', 'oung100@mail.bg', '100 ОУ "Hайден Геров"',
        'https://www.100ou.info/', 'Директор: (02) 931 60 53', 1, 20),
       (147, 'ул. "Генерал Чернаев" № 8', 'Ернест Георгиев', 'zlatarov@mail.bg', '14 СУ "Проф.Асен Златаров"',
        'https://www.14su.bg/', 'Директор: (02) 831 36 32', 1, 20),
       (148, 'ул. "Георги Сава Раковски" № 20', 'Маргарита Милева', 'sou_29@abv.bg', '29 СУ "Кузман Шапкарев"',
        'http://sou29.com/', 'Директор: (02) 831 30 20', 1, 20),
       (149, 'ул. "Проф. Николай Райнов" № 2', 'Галя Генчева', 'pgii_n.rainov@mail.bg', 'ПГИИ "Проф.Николай Райнов"',
        'http://www.pgii-nrainov.eu/', 'Директор: (02) 936 74 40', 1, 20),
       (150, 'ул. "Слатинска" № 24', 'Емил Киликчийски', 'oy_109@abv.bg', '109 ОУ "Христо Смирненски"',
        'http://109ou.net/', 'Директор: (02) 870 64 62', 1, 21),
       (151, 'бул. "Ситняково" № 21', 'Нина Чанева', 'lycee23@abv.bg', '23 СУ "Фредерик Жолио-Kюри"',
        'http://23su.info/', 'Директор: (02) 944 27 81', 1, 21),
       (152, 'ул. "Гео Милев" № 2', 'Надежда Николчева', 'suchem31@abv.bg', '31 СУЧЕМ "Иван Вазов"',
        'http://ivanvazov.com/', 'Директор: (02) 871 70 87', 1, 21),
       (153, 'ул. "Гео Милев" № 32', 'Евдокия Гергова-Савова', 'sou93altbalan@abv.bg', '93 СУ "Александър Балан"',
        'https://www.93su.bg/', 'Директор: (02) 872 07 60', 1, 21),
       (154, 'кв. "Христо Ботев", ул. "511" № 22', 'Латинка Ковачева', '94sou@mbox.contact.bg',
        '94 СУ "Димитър Страшимиров"', 'http://94-sou.com/', 'Директор: (02) 945 46 63', 1, 21),
       (155, 'ул. "Алфред Нобел" № 3', 'Магдалена Кръстева', 'school_138@abv.bg', '138 СУЗИЕ "Проф. Васил Златарски"',
        'http://www.138sou.com/', 'Директор: (02) 872 06 27', 1, 21),
       (156, 'ул. "Слатинска" № 35', 'Ани Деянова', 'ou_148@abv.bg', '148 ОУ "Любомир Милетич"', 'https://148-ou.com/',
        'Директор: (02) 870 63 60', 1, 21),
       (157, 'ул. "Слатинска" № 35', 'Елена Дичева', 'u_4042@abv.bg', '157 ГИЧЕ  "Сесар Вайехо"',
        'https://157giche.com/', 'Директор: (02) 971 00 57', 1, 21),
       (158, 'ул. "6-ти септември" № 16', 'Ивелина Спасова', 'shesto_ou@abv.bg', '6 ОУ "Граф Игнатиев"',
        'http://www.6ou.org/', 'Директор: (02) 988 17 13', 1, 22),
       (159, 'ул. "Шипка" № 40', 'Виолета Игова', 'aprilov_38ou@abv.bg', '38 ОУ "Васил Априлов"',
        'http://www.vasilaprilov.com/', 'Директор: (02) 846 53 58', 1, 22),
       (160, 'ул. "Цар Иван Шишман" № 28', 'Маруся Никова', 'school7@7-mo.com', '7 СУ "Свети Седмочисленици"',
        'http://7-mo.com/', 'Директор: (02) 987 79 89', 1, 22),
       (161, 'ул. "Патриарх Евтимий" № 35', 'Емилия Богданова', 'lycee@feg.bg', '9 ФЕГ "Алфонс дьо Ламартин"',
        'http://www.feg.bg/', 'Директор: (02) 987 72 16', 1, 22),
       (162, 'ул. "Цар Иван Асен II" № 72', 'Вера Захариева', 'u_12sou@abv.bg', '12 СУ "Цар Иван Асен II"',
        'http://12sou-sofia.info/', 'Директор: (02) 943 79 55', 1, 22),
       (163, 'ул. "Петър Парчевич" № 43', 'Александър Лазаров', '127su.office@gmail.com', '127 СУ "Иван Денкоглу"',
        'http://www.127sou.com/', 'Директор: 0884 334 162', 1, 22),
       (164, 'ул. "Цар Иван Шишман" № 1', 'Даниела Борисова', '', '133 СУ "Александър С. Пушкин"', 'http://133sou.com/',
        'Директор: (02) 987 85 68', 1, 22),
       (165, 'ул. "Полк. Георги Янков", до бл. 98', 'Милена Аначкова', 'school@8sou.com', '8 СУ "Васил Левски"',
        'http://8sou.com/', 'Директор: (02) 871 91 76', 1, 23),
       (166, 'ул. "Дъбница" № 3', 'Таня Иванчева', '55su@55su.bg', '55 СУ "Петко Kаравелов"', 'https://www.55su.bg/',
        'Директор: (02) 877 12 97', 1, 23),
       (167, 'ул. "Kняз Борис I" № 27', 'Бистра Баирова', 'info@20ou.bg', '20 ОУ "Тодор Минков"', 'https://20ou.bg/',
        'Директор: (02) 954 91 64', 1, 24),
       (168, 'ул. "Цар Самуил" № 24', 'Александра Топалова', 'evtimischool@abv.bg', '41 ОУ "Св. Патриарх Евтимий"',
        'http://www.41ou.com/', 'Директор: (02) 987 88 47', 1, 24),
       (169, 'ул. "Костенски водопад" № 60', 'Капка Велинова', 'ou_104@abv.bg', '104 ОУ "Захари Стоянов"',
        'http://104ou.com/', 'Директор: (02) 859 51 92', 1, 24),
       (170, 'бул. "България" № 43', 'Росен Димитров', 'ros2@abv.bg', '126 ОУ "Петко Ю. Тодоров"',
        'http://www.126ou.net/', 'Директор: (02) 859 61 29', 1, 24),
       (171, 'бул. "Витоша" № 134', 'Елена Кърпачева', 'contact@22sou.com', '22 СУ "Георги С. Раковски"',
        'https://www.22seu.bg/', 'Директор: (02) 952 08 65', 1, 24),
       (172, 'ул. "Димитър Манов" № 18', 'Вилхелм Новачков', 'sou47sof@abv.bg', '47 СУ "Христо Г. Данов"',
        'http://www.47suhristodanov.com/', 'Директор: (02) 952 65 85', 1, 24),
       (173, 'ул. "Георги Измирлиев" № 2', 'Иван Петков', 'sou73vg@abv.bg', '73 СУ "Владислав Граматик"',
        'http://sou73.bg/', 'Директор: (02) 859 95 10', 1, 24),
       (174, 'ул. "Георги Измирлиев" № 24', 'Галина Тенева', 'sou121@abv.bg', '121 СУ "Георги Измирлиев"',
        'https://121su.org/', 'Директор: (02) 426 37 30', 1, 24),
       (175, 'ул. "Траянова врата"№ 26', 'Емилия Лазарова', '2els.bg@gmail.com', 'Втора АЕГ "Томас Джеферсън"',
        'http://2els.com/', 'Директор: (02) 822 31 04', 1, 24),
       (176, 'ул. "Метличина поляна" № 14', 'Соня Христова', 'sportnashkola@abv.bg', 'Ученическа спортна школа "София"',
        'http://sport-sofia.com/', 'Директор: (02) 958 28 47', 1, 24);

INSERT INTO school_profiles_schools (school_profiles_id, schools_id)
VALUES (1, 47),
       (1, 101),
       (1, 102),
       (1, 141),
       (1, 176),
       (2, 152),
       (3, 152),
       (4, 152),
       (8, 152),
       (2, 57),
       (3, 57),
       (7, 57),
       (13, 57),
       (2, 112),
       (3, 112),
       (7, 112),
       (2, 171),
       (3, 171),
       (2, 164),
       (5, 164),
       (6, 164),
       (2, 32),
       (5, 32),
       (16, 32),
       (2, 139),
       (6, 139),
       (7, 139),
       (12, 139),
       (2, 8),
       (7, 8),
       (9, 8),
       (12, 8),
       (2, 23),
       (7, 23),
       (11, 23),
       (2, 87),
       (9, 87),
       (2, 99),
       (11, 99),
       (2, 160),
       (11, 160),
       (2, 114),
       (12, 114),
       (2, 120),
       (16, 120),
       (2, 175),
       (3, 22),
       (7, 22),
       (13, 22),
       (3, 113),
       (3, 157),
       (4, 21),
       (5, 21),
       (6, 21),
       (7, 21),
       (4, 70),
       (5, 70),
       (7, 70),
       (4, 162),
       (7, 162),
       (12, 162),
       (4, 24),
       (4, 173),
       (5, 161),
       (6, 28),
       (7, 28),
       (9, 28),
       (13, 28),
       (6, 54),
       (7, 54),
       (6, 155),
       (8, 155),
       (11, 155),
       (16, 155),
       (6, 27),
       (11, 27),
       (16, 27),
       (6, 151),
       (12, 151),
       (13, 151),
       (7, 163),
       (9, 163),
       (12, 163),
       (7, 85),
       (10, 85),
       (7, 15),
       (11, 15),
       (7, 39),
       (11, 39),
       (7, 79),
       (12, 79),
       (8, 89),
       (9, 89),
       (8, 115),
       (9, 82),
       (11, 82),
       (12, 82),
       (10, 80),
       (11, 80),
       (10, 153),
       (11, 153),
       (10, 48),
       (16, 48),
       (10, 147),
       (11, 81),
       (12, 81),
       (16, 81),
       (11, 174),
       (12, 174),
       (11, 100),
       (13, 100),
       (11, 1),
       (16, 1),
       (11, 56),
       (16, 56),
       (11, 76),
       (16, 76),
       (11, 90),
       (16, 90),
       (11, 109),
       (16, 109),
       (11, 9),
       (11, 46),
       (11, 64),
       (11, 74),
       (11, 78),
       (11, 86),
       (11, 88),
       (11, 121),
       (11, 138),
       (11, 148),
       (11, 166),
       (12, 75),
       (16, 75),
       (12, 98),
       (16, 98),
       (12, 154),
       (16, 154),
       (12, 41),
       (12, 53),
       (12, 69),
       (12, 119),
       (12, 137),
       (12, 172),
       (13, 77),
       (16, 77),
       (13, 140),
       (16, 140),
       (13, 40),
       (13, 129),
       (14, 31),
       (16, 31),
       (14, 55),
       (16, 55),
       (14, 149),
       (15, 92),
       (16, 92),
       (16, 16),
       (16, 33),
       (16, 45),
       (16, 49),
       (16, 63),
       (16, 91),
       (16, 130),
       (17, 2),
       (17, 3),
       (17, 4),
       (17, 5),
       (17, 6),
       (17, 7),
       (17, 10),
       (17, 11),
       (17, 12),
       (17, 13),
       (17, 14),
       (17, 17),
       (17, 18),
       (17, 19),
       (17, 20),
       (17, 26),
       (17, 29),
       (17, 30),
       (17, 34),
       (17, 35),
       (17, 36),
       (17, 37),
       (17, 38),
       (17, 42),
       (17, 43),
       (17, 44),
       (17, 50),
       (17, 51),
       (17, 52),
       (17, 58),
       (17, 59),
       (17, 60),
       (17, 61),
       (17, 62),
       (17, 65),
       (17, 66),
       (17, 67),
       (17, 68),
       (17, 71),
       (17, 72),
       (17, 73),
       (17, 83),
       (17, 84),
       (17, 93),
       (17, 94),
       (17, 95),
       (17, 96),
       (17, 97),
       (17, 103),
       (17, 104),
       (17, 105),
       (17, 106),
       (17, 107),
       (17, 108),
       (17, 110),
       (17, 111),
       (17, 117),
       (17, 118),
       (17, 122),
       (17, 123),
       (17, 124),
       (17, 125),
       (17, 126),
       (17, 127),
       (17, 128),
       (17, 131),
       (17, 132),
       (17, 133),
       (17, 134),
       (17, 135),
       (17, 136),
       (17, 142),
       (17, 143),
       (17, 144),
       (17, 145),
       (17, 146),
       (17, 150),
       (17, 156),
       (17, 158),
       (17, 159),
       (17, 165),
       (17, 167),
       (17, 168),
       (17, 169),
       (17, 170),
       (18, 25),
       (18, 116);

INSERT INTO offers (id, contact, course, description, expiry_date, for_deletion, seller_id)
VALUES (1,
        '"Офис Изток
   02/ 44 00 003;  0889 106 003; 0889 336 008

   гр. София, ж.к. Изгрев, ул. „Лъчезар Станчев“ № 9,
   сграда Монтажи /срещу КАТ/, ет. 3, офис 304
   /срещу асансьора/."',
        'Шофьорски курсове',
        'Учебни центрове България са създадени с цел професионално обучение на кандидат водачи на МПС, както и придобиване на нови знания и умения, свързани с професионалната квалификация на лица притежаващи свидетелство за управление на МПС.',
        '2022-11-07',
        1,
        3),

       (2,
        '"Учебен и aдминистративен офис
   ул. Ген. Гурко 45, ет. 1, ап. 4, София

   Приемно време:

   Понеделник до Петък – 9:00 – 17:00 ч.

   Телефони:

   0897659210, 0886015660, 0885848880, 02/4277333, 0886116019 0877819599,

   Мейл: office@mejduchasie.com; mejduchasie@gmail.com

   Учебен и aдминистративен офис
   Бул. Княз Ал. Дондуков 77, ет.3, София

   Приемно време:

   Понеделник до Петък – 10:00 – 18:00 ч.

   Телефони:

   0897659210, 0886015660, 0885848880,02/ 981-95-90,  0877819599, 0886116019

   Дежурен събота и неделя в учебни дни
   0886116019, 0897659210, 0886015660, 0885848880"',
        'Курсове по Математика',
        'Образователен център “Междучасие” предлага подготовка по Математика за най-малките – 2 клас, 3 клас, и 4 клас. Нашите курсове по състезателна метематика за малките са насочени към децата, които ще учат в математически гимназии или паралелки, или искат да се занимават с математика просто за удоволствие.',
        '2022-11-07',
        0,
        4),
       (3,
        '"Офис
   София, ул. ""Генерал Паренсов"", №16А, ет.2

   (Сградата се намира на ъгъла на бул.""Васил Левски"" и ул.""Генерал Паренсов"")

   Работно време
   Всеки ден (включително събота и неделя) - 9.00 - 20.00 ч.

   Телефон за връзка
   0888-616-911"',
        'КУРСОВЕ И ЧАСТНИ УРОЦИ ПО ЧУЖДИ ЕЗИЦИ',
        'Езикови курсове и частни уроци по английски, френски, немски, италиански, испански, руски, португалски, турски, гръцки и японски език за деца и възрастни',
        '2022-11-07',
        0,
        5),
       (4,
        '0888 428 444',
        'Курсове за подготовка по кандидатстване в гимназии и университети',
        '"Целогодишни курсове за подготовка за зрелостни и кандидатстудентски изпити;
  • целогодишни курсове за кандидатстване в езикови и профилирани гимназии на български език и математика;
  • пробни изпити за кандидатстване след 7. клас;
  • курсове за текуща подготовка по български език и математика за 6. клас."',
        '2022-11-07',
        0,
        6),
       (5,
        '"Младост
  гр. София, Младост 1,
  ул. Никола Генадиев 7, ет. 3,
  Учебен център „Ния“
  Имейл: info@nia-bg.com
  Телефони за връзка:
  + 359 888 500 681
  + 359 2 44 00 772"',
        'Курсове БЕЛ и математика',
        'Предлага индивидуални уроци за подпомагане на учениците в 5-ти, 6-ти и 7-ми клас',
        '2021-05-07',
        0,
        7),
       (6,
        '"Младост',
        'математика',
        'Предлага индивидуални уроци за подпомагане на 7-ми клас',
        '2022-06-07',
        1,
        7);
